<Page id="page" loaded="pageLoaded" navigatedTo="navigatedTo" navigatingTo="navigatingTo">
    <Page.actionBar>
        <ActionBar title="crossCommunicator">
            <ActionBar.actionItems>
                <ActionItem ios:icon="~/icons/ic_settings.png" android:text="Settings" tap="settingsTap" ios.position="right" android.position="popup" />
            </ActionBar.actionItems>
        </ActionBar>
    </Page.actionBar>
    <GridLayout rows="*,auto" columns="*">
        <ScrollView id="scroller" cssClass="border">
            <Repeater items="{{messages}}">
                <Repeater.itemTemplate>
                    <GridLayout columns="auto,*,auto" rows="auto">
                        <Label col="0"  cssClass="{{ from === 1 || from === 2 ? 'noicon' : 'icons larger'}}" text="{{ iconLeft }}"/>
                        <TextView col="1" editable="false" text="{{ message }}" cssClass="{{ from === 1 ? 'rightmessage message' : from === 2 ? 'errormessage message' : from === 0 ? 'sysmessage message' : 'leftmessage message' }}" textWrap="true"/>
                        <Label col="2"  cssClass="{{ from === 1 ? 'blue icons larger' : from === 2 ? 'red icons larger' : 'noicon'}}" text="{{ iconRight }}"/>
                    </GridLayout>
                </Repeater.itemTemplate>
            </Repeater>
        </ScrollView>
        <GridLayout row="1" rows="*" columns="*,auto" cssClass="border">
            <TextField id="entry" hint="Type a message"/>
            <Button id="go" col="1" text="&#xE163;" tap="goTap" cssClass="icons sendbutton"/>
        </GridLayout>
    </GridLayout>
</Page>
<!-- -->
