<Page xmlns="http://www.nativescript.org/tns.xsd">
  <ActionBar title="Wrap Layout"/>
  <WrapLayout>
      <Label text="This is a Blue Test" style="background-color: blue"/>
      <Label text="This is a Green Test" style="background-color: green" cssClass="green"/>
      <Label text="This is a Red test" style="background-color: red" cssClass="red" textWrap="true"/>
      <Label text="This is a Yellow Test" style="background-color: yellow" cssClass="yellow"/>
      <Label text="This is a Orange Test" style="background-color: orange"/>
      <Label text="This is a Purple Test" style="background-color: purple"/>
    </WrapLayout>
</Page>